{
   "routes": [
      {
         "path": "/testing-webinar1",
         "should_show_expandable": true,
         "is_active": true,
         "data_key": "sso_testing_webinars",
         "sso_required": false,
         "accessible_products": [],
         "registration_link": "https://bit.ly/LIVE-SUCCESS-AFTER-INTER",
         "access_configuration": {
            "access_type": "APPS_AND_SUBSCRIPTIONS",
            "is_one_product_access_sufficient": true,
            "should_redirect_to_webinar_directly": true
         },
         "analytics_config": {
            "should_track_events": true,
            "should_track_page": true
         },
         "dashboard_sections_info": [
            {
               "webinar_status": "TODAY_EVENING",
               "section_title": "EVENING ",
               "should_show_webinars_count": true,
               "is_section_expanded_by_default": true
            },
            {
               "webinar_status": "TODAY_MORNING",
               "section_title": "TODAY MORNING WEBINARS ",
               "should_show_webinars_count": false,
               "is_section_expanded_by_default": true
            },
            {
               "webinar_status": "NEW_STATUS_1",
               "section_title": "NEW STATUS 1 ",
               "should_show_webinars_count": false,
               "is_section_expanded_by_default": true
            }
         ]
      },
      {
         "path": "/testing-webinar3",
         "should_show_expandable": false,
         "is_active": true,
         "data_key": "dynamic_route3_webinars",
         "sso_required": false,
         "accessible_products": ["123"],
         "registration_link": "https://bit.ly/LIVE-SUCCESS-AFTER-INTER",
         "path_redirection_url": "https://google.com/"
      },
      {
         "path": "/testing-webinar2",
         "should_show_expandable": true,
         "is_active": true,
         "data_key": "dynamic_route2_webinars",
         "sso_required": true,
         "accessible_products": ["123"],
         "path_redirection_url": "http://webinar.ibhubs.co/"
      },
      {
         "path": "/testing-webinar4",
         "should_show_expandable": true,
         "is_active": true,
         "data_key": "dynamic_route4_webinars",
         "sso_required": false,
         "accessible_products": ["123"]
      },
      {
         "data_key": "investors_meet",
         "should_show_expandable": true,
         "is_active": true,
         "path": "/meet",
         "show_whatsapp_consent": false,
         "sso_required": false
      }
   ],
   "webinars": [
      {
         "webinar_id": "6sep-telugu-10am",
         "webinar_name": "iB Hubs is hiring from all the 28 States and 8 Union Territories (Telugu)",
         "youtube_id": "TwoFWtuRGzY",
         "video_url": "https://media-content.onthegomodel.com/otg_prod/CCBP-Session12-Static-Website/CCBP-Session-12-StaticWebsite-Telugu/video__extension__",
         "platform": "DEFAULT",
         "webinar_slug": "6sep-telugu-10am",
         "is_ended": false,
         "webinar_title": "iB Hubs is hiring from all the 28 States and 8 Union Territories (Telugu)",
         "thumbnail_mobile": "https://live-interaction-media-static.s3.ap-south-1.amazonaws.com/website-static-images/webinars_thumbnails/6th_webinar_Mobile_Telugu_v2.jpg",
         "thumbnail_tablet": "https://live-interaction-media-static.s3.ap-south-1.amazonaws.com/website-static-images/webinars_thumbnails/6th_webinar_Tablet_Telugu_v2.jpg",
         "thumbnail_desktop": "https://live-interaction-media-static.s3.ap-south-1.amazonaws.com/website-static-images/webinars_thumbnails/6th_webinar_Mobile_Telugu_v2.jpg",
         "date": "6th September",
         "time": "10:00 AM - 12:30 PM",
         "start_datetime": "2021-07-24 10:34:00",
         "simulation_mode": "LIVE",
         "video_duration_in_sec": 2054,
         "webinar_status": "TODAY_MORNING",
         "should_remind": true,
         "cta_details": [
            {
               "button_text": "Register for CCBP 4.0 Affiliate Program",
               "redirection_url": "https://ibhubs.co/",
               "type": "INTERNAL",
               "button_style": "FILLED"
            },
            {
               "button_text": "Redirect Button",
               "redirection_url": "https://ibhubs.co/",
               "type": "EXTERNAL",
               "button_style": "FILLED"
            },
            {
               "button_text": "Redirect Button",
               "redirection_url": "https://ibhubs.co/",
               "type": "REDIRECT",
               "button_style": "OUTLINE"
            }
         ],
         "feedback_url": "https://10xiitian.typeform.com/to/FkguiiHv",
         "assignment_url": "https: //10xiitian.typeform.com/to/FkguiiHv",
         "pre_webinar_form": "PARENT_OR_STUDENT_FORM",
         "default_start_position": 60,
         "ib_video_config": {
            "default_desktop_resolution": "480",
            "default_mobile_resolution": "360"
         },
         "pre_webinar_form_question_config": {
            "question_text": "Who is watching the parent's meet?",
            "options": ["Student", "Uncle", "Mother", "Father", "Others"]
         },
         "is_user_video_watermark_enabled": true
      },
      {
         "webinar_id": "6sep-english-6pm",
         "webinar_name": "iB Hubs is hiring from all the 28 States and 8 Union Territories (English)",
         "youtube_id": "Mz87g1RN8aM",
         "video_url": "https://media-content.onthegomodel.com/otg_prod/CCBP-Session12-Static-Website/CCBP-Session-12-StaticWebsite-Telugu/video__extension__",
         "platform": "DEFAULT",
         "webinar_slug": "6sep-english-6pm",
         "is_ended": false,
         "webinar_title": "iB Hubs is hiring from all the 28 States and 8 Union Territories (English)",
         "thumbnail_mobile": "https://live-interaction-media-static.s3.ap-south-1.amazonaws.com/website-static-images/webinars_thumbnails/6th_webinar_Mobile_English_v2.jpg",
         "thumbnail_tablet": "https://live-interaction-media-static.s3.ap-south-1.amazonaws.com/website-static-images/webinars_thumbnails/6th_webinar_Tablet_English_v2.jpg",
         "thumbnail_desktop": "https://live-interaction-media-static.s3.ap-south-1.amazonaws.com/website-static-images/webinars_thumbnails/6th_webinar_Mobile_English_v2.jpg",
         "date": "6th September",
         "time": "06:00 PM - 08:30 PM",
         "start_datetime": "2021-05-04 12:00:00",
         "simulation_mode": "RECORDED",
         "webinar_status": "TODAY_MORNING",
         "should_remind": true,
         "cta_details": [
            {
               "button_text": "Register for CCBP 4.0 Affiliate Program",
               "redirection_url": "https://ibhubs.co/",
               "type": "INTERNAL",
               "button_style": "FILLED"
            },
            {
               "button_text": "Redirect Button",
               "redirection_url": "https://ibhubs.co/",
               "type": "EXTERNAL",
               "button_style": "FILLED"
            },
            {
               "button_text": "Redirect Button",
               "redirection_url": "https://ibhubs.co/",
               "type": "REDIRECT",
               "button_style": "OUTLINE"
            }
         ]
      },
      {
         "webinar_id": "7sep-hindi-6pm",
         "webinar_name": "iB Hubs is hiring from all the 28 States and 8 Union Territories (Hindi)",
         "youtube_id": "r4U7MuYI8_E",
         "video_url": "",
         "platform": "YOUTUBE",
         "webinar_slug": "7sep-hindi-6pm",
         "is_ended": false,
         "webinar_title": "iB Hubs is hiring from all the 28 States and 8 Union Territories (Hindi)",
         "thumbnail_mobile": "https://live-interaction-media-static.s3.ap-south-1.amazonaws.com/website-static-images/webinars_thumbnails/7th_webinar_Mobile_Hindi_v2.jpg",
         "thumbnail_tablet": "https://live-interaction-media-static.s3.ap-south-1.amazonaws.com/website-static-images/webinars_thumbnails/7th_webinar_Tablet_Hindi_v2.jpg",
         "thumbnail_desktop": "https://live-interaction-media-static.s3.ap-south-1.amazonaws.com/website-static-images/webinars_thumbnails/7th_webinar_Mobile_Hindi_v2.jpg",
         "date": "7th September",
         "time": "06:00 PM - 08:30 PM",
         "start_datetime": "2021-05-04 12:00:00",
         "simulation_mode": "LIVE",
         "webinar_status": "TODAY_MORNING",
         "should_remind": true,
         "feedback_url": "https://10xiitian.typeform.com/to/FkguiiHv",
         "cta_details": [
            {
               "button_text": "Register for CCBP 4.0 Affiliate Program",
               "redirection_url": "https://ibhubs.co/",
               "type": "INTERNAL",
               "button_style": "FILLED"
            },
            {
               "button_text": "Redirect Button",
               "redirection_url": "https://ibhubs.co/",
               "type": "EXTERNAL",
               "button_style": "FILLED"
            },
            {
               "button_text": "Redirect Button",
               "redirection_url": "https://ibhubs.co/",
               "type": "REDIRECT",
               "button_style": "OUTLINE"
            }
         ]
      },
      {
         "webinar_id": "4sep-hindi-7pm",
         "webinar_name": "Deep dive into CCBP 4.0 & XPM 4.0 (Hindi)",
         "youtube_id": "F8fBGI7UrhA",
         "video_url": "",
         "platform": "YOUTUBE",
         "webinar_slug": "4sep-hindi-7pm",
         "is_ended": true,
         "webinar_title": "Deep dive into CCBP 4.0 & XPM 4.0 (Hindi)",
         "thumbnail_mobile": "https://live-interaction-media-static.s3.ap-south-1.amazonaws.com/website-static-images/webinars_thumbnails/sep4th_hindi_desktop_v1.png",
         "thumbnail_tablet": "https://live-interaction-media-static.s3.ap-south-1.amazonaws.com/website-static-images/webinars_thumbnails/sep4th_hindi_tablet_v1.png",
         "thumbnail_desktop": "https://live-interaction-media-static.s3.ap-south-1.amazonaws.com/website-static-images/webinars_thumbnails/sep4th_hindi_desktop_v1.png",
         "date": "4th September",
         "time": "07:00 PM - 09:00 PM",
         "start_datetime": "2021-05-04 12:00:00",
         "simulation_mode": "LIVE",
         "webinar_status": "COMPLETED",
         "should_remind": true
      },
      {
         "webinar_id": "building-strong-resume-telugu-10am",
         "webinar_name": "Building a Strong Resume: Part 1 (Telugu)",
         "youtube_id": "LSUXm4ifL-Y",
         "video_url": "",
         "platform": "YOUTUBE",
         "webinar_slug": "building-strong-resume-telugu-10am",
         "is_ended": false,
         "webinar_title": "Building a Strong Resume: Part 1 (Telugu)",
         "thumbnail_mobile": "https://live-interaction-media-static.s3.ap-south-1.amazonaws.com/website-static-images/webinars_thumbnails/Building_a_strong_resume_Mobile.jpg",
         "thumbnail_tablet": "https://live-interaction-media-static.s3.ap-south-1.amazonaws.com/website-static-images/webinars_thumbnails/Building_a_strong_resume_Tablet.jpg",
         "thumbnail_desktop": "https://live-interaction-media-static.s3.ap-south-1.amazonaws.com/website-static-images/webinars_thumbnails/Building_a_strong_resume_Mobile.jpg",
         "date": "7th September",
         "time": "10:00 AM - 11:30 AM",
         "start_datetime": "2021-05-04 12:00:00",
         "simulation_mode": "LIVE",
         "webinar_status": "TODAY_MORNING",
         "should_remind": false,
         "feedback_url": "https://10xiitian.typeform.com/to/FkguiiHv"
      },
      {
         "webinar_id": "building-strong-resume-telugu-3pm",
         "webinar_name": "Building a Strong Resume: Part 1 (Telugu)",
         "youtube_id": "LSUXm4ifL-Y",
         "video_url": "",
         "platform": "YOUTUBE",
         "webinar_slug": "building-strong-resume-telugu-3pm",
         "is_ended": false,
         "webinar_title": "Building a Strong Resume: Part 1 (Telugu)",
         "thumbnail_mobile": "https://live-interaction-media-static.s3.ap-south-1.amazonaws.com/website-static-images/webinars_thumbnails/Building_a_strong_resume_Mobile.jpg",
         "thumbnail_tablet": "https://live-interaction-media-static.s3.ap-south-1.amazonaws.com/website-static-images/webinars_thumbnails/Building_a_strong_resume_Tablet.jpg",
         "thumbnail_desktop": "https://live-interaction-media-static.s3.ap-south-1.amazonaws.com/website-static-images/webinars_thumbnails/Building_a_strong_resume_Mobile.jpg",
         "date": "7th September",
         "time": "03:00 PM - 04:30 PM",
         "start_datetime": "2021-05-04 12:00:00",
         "simulation_mode": "LIVE",
         "webinar_status": "TODAY_AFTERNOON",
         "should_remind": false,
         "feedback_url": "https://10xiitian.typeform.com/to/FkguiiHv"
      },
      {
         "webinar_id": "building-strong-resume-telugu-7pm",
         "webinar_name": "Building a Strong Resume: Part 1 (Telugu)",
         "youtube_id": "LSUXm4ifL-Y",
         "video_url": "",
         "platform": "YOUTUBE",
         "webinar_slug": "building-strong-resume-telugu-7pm",
         "is_ended": false,
         "webinar_title": "Building a Strong Resume: Part 1 (Telugu)",
         "thumbnail_mobile": "https://live-interaction-media-static.s3.ap-south-1.amazonaws.com/website-static-images/webinars_thumbnails/Building_a_strong_resume_Mobile.jpg",
         "thumbnail_tablet": "https://live-interaction-media-static.s3.ap-south-1.amazonaws.com/website-static-images/webinars_thumbnails/Building_a_strong_resume_Tablet.jpg",
         "thumbnail_desktop": "https://live-interaction-media-static.s3.ap-south-1.amazonaws.com/website-static-images/webinars_thumbnails/Building_a_strong_resume_Mobile.jpg",
         "date": "7th September",
         "time": "7:00 PM - 8:30 PM",
         "start_datetime": "2021-05-04 12:00:00",
         "simulation_mode": "LIVE",
         "webinar_status": "TODAY_EVENING",
         "should_remind": true,
         "feedback_url": "https://10xiitian.typeform.com/to/FkguiiHv"
      },
      {
         "webinar_id": "building-strong-resume-english-10am",
         "webinar_name": "Building a Strong Resume: Part 1 (English)",
         "youtube_id": "d_dkntJf4Hk",
         "video_url": "",
         "platform": "YOUTUBE",
         "webinar_slug": "building-strong-resume-english-10am",
         "is_ended": false,
         "webinar_title": "Building a Strong Resume: Part 1 (English)",
         "thumbnail_mobile": "https://live-interaction-media-static.s3.ap-south-1.amazonaws.com/website-static-images/webinars_thumbnails/Building_a_strong_resume_Mobile_English.jpg",
         "thumbnail_tablet": "https://live-interaction-media-static.s3.ap-south-1.amazonaws.com/website-static-images/webinars_thumbnails/Building_a_strong_resume_Tablet_English.jpg",
         "thumbnail_desktop": "https://live-interaction-media-static.s3.ap-south-1.amazonaws.com/website-static-images/webinars_thumbnails/Building_a_strong_resume_Mobile_English.jpg",
         "date": "7th September",
         "time": "10:00 AM - 11:30 AM",
         "start_datetime": "2021-05-04 12:00:00",
         "simulation_mode": "LIVE",
         "webinar_status": "TODAY_MORNING",
         "should_remind": false,
         "default_start_position": 60
      },
      {
         "webinar_id": "building-strong-resume-english-3pm",
         "webinar_name": "Building a Strong Resume: Part 1 (English)",
         "youtube_id": "d_dkntJf4Hk",
         "video_url": "",
         "platform": "YOUTUBE",
         "webinar_slug": "building-strong-resume-english-3pm",
         "is_ended": false,
         "webinar_title": "Building a Strong Resume: Part 1 (English)",
         "thumbnail_mobile": "https://live-interaction-media-static.s3.ap-south-1.amazonaws.com/website-static-images/webinars_thumbnails/Building_a_strong_resume_Mobile_English.jpg",
         "thumbnail_tablet": "https://live-interaction-media-static.s3.ap-south-1.amazonaws.com/website-static-images/webinars_thumbnails/Building_a_strong_resume_Tablet_English.jpg",
         "thumbnail_desktop": "https://live-interaction-media-static.s3.ap-south-1.amazonaws.com/website-static-images/webinars_thumbnails/Building_a_strong_resume_Mobile_English.jpg",
         "date": "7th September",
         "time": "03:00 PM - 04:30 PM",
         "start_datetime": "2021-05-04 12:00:00",
         "simulation_mode": "LIVE",
         "webinar_status": "TODAY_AFTERNOON",
         "should_remind": false,
         "pre_webinar_form": "PARENT_OR_STUDENT_FORM"
      },
      {
         "webinar_id": "building-strong-resume-english-7pm",
         "webinar_name": "Building a Strong Resume: Part 1 (English)",
         "youtube_id": "d_dkntJf4Hk",
         "video_url": "",
         "platform": "YOUTUBE",
         "webinar_slug": "building-strong-resume-english-7pm",
         "is_ended": false,
         "webinar_title": "Building a Strong Resume: Part 1 (English)",
         "thumbnail_mobile": "https://live-interaction-media-static.s3.ap-south-1.amazonaws.com/website-static-images/webinars_thumbnails/Building_a_strong_resume_Mobile_English.jpg",
         "thumbnail_tablet": "https://live-interaction-media-static.s3.ap-south-1.amazonaws.com/website-static-images/webinars_thumbnails/Building_a_strong_resume_Tablet_English.jpg",
         "thumbnail_desktop": "https://live-interaction-media-static.s3.ap-south-1.amazonaws.com/website-static-images/webinars_thumbnails/Building_a_strong_resume_Mobile_English.jpg",
         "date": "7th September",
         "time": "7:00 PM - 8:30 PM",
         "start_datetime": "2021-05-04 12:00:00",
         "simulation_mode": "LIVE",
         "webinar_status": "TODAY_EVENING",
         "should_remind": true
      },
      {
         "webinar_id": "building-strong-resume-hindi-10am",
         "webinar_name": "Building a Strong Resume: Part 1 (Hindi)",
         "youtube_id": "3kcCXb0zbnM",
         "video_url": "",
         "platform": "YOUTUBE",
         "webinar_slug": "building-strong-resume-hindi-10am",
         "is_ended": false,
         "webinar_title": "Building a Strong Resume: Part 1 (Hindi)",
         "thumbnail_mobile": "https://live-interaction-media-static.s3.ap-south-1.amazonaws.com/website-static-images/webinars_thumbnails/Building_a_strong_resume_Mobile_Hindi.jpg",
         "thumbnail_tablet": "https://live-interaction-media-static.s3.ap-south-1.amazonaws.com/website-static-images/webinars_thumbnails/Building_a_strong_resume_Tablet_Hindi.jpg",
         "thumbnail_desktop": "https://live-interaction-media-static.s3.ap-south-1.amazonaws.com/website-static-images/webinars_thumbnails/Building_a_strong_resume_Mobile_Hindi.jpg",
         "date": "8th September",
         "time": "10:00 AM - 11:30 AM",
         "start_datetime": "2021-05-04 12:00:00",
         "simulation_mode": "LIVE",
         "webinar_status": "UPCOMING",
         "should_remind": false,
         "pre_webinar_form": "PARENT_OR_STUDENT_FORM"
      },
      {
         "webinar_id": "building-strong-resume-hindi-3pm",
         "webinar_name": "Building a Strong Resume: Part 1 (Hindi)",
         "youtube_id": "3kcCXb0zbnM",
         "video_url": "",
         "platform": "YOUTUBE",
         "webinar_slug": "building-strong-resume-hindi-3pm",
         "is_ended": false,
         "webinar_title": "Building a Strong Resume: Part 1 (Hindi)",
         "thumbnail_mobile": "https://live-interaction-media-static.s3.ap-south-1.amazonaws.com/website-static-images/webinars_thumbnails/Building_a_strong_resume_Mobile_Hindi.jpg",
         "thumbnail_tablet": "https://live-interaction-media-static.s3.ap-south-1.amazonaws.com/website-static-images/webinars_thumbnails/Building_a_strong_resume_Tablet_Hindi.jpg",
         "thumbnail_desktop": "https://live-interaction-media-static.s3.ap-south-1.amazonaws.com/website-static-images/webinars_thumbnails/Building_a_strong_resume_Mobile_Hindi.jpg",
         "date": "8th September",
         "time": "03:00 PM - 04:30 PM",
         "start_datetime": "2021-05-04 12:00:00",
         "simulation_mode": "LIVE",
         "webinar_status": "UPCOMING",
         "should_remind": false
      },
      {
         "webinar_id": "building-strong-resume-hindi-7pm",
         "webinar_name": "Building a Strong Resume: Part 1 (Hindi)",
         "youtube_id": "3kcCXb0zbnM",
         "video_url": "",
         "platform": "YOUTUBE",
         "webinar_slug": "building-strong-resume-hindi-7pm",
         "is_ended": false,
         "webinar_title": "Building a Strong Resume: Part 1 (Hindi)",
         "thumbnail_mobile": "https://live-interaction-media-static.s3.ap-south-1.amazonaws.com/website-static-images/webinars_thumbnails/Building_a_strong_resume_Mobile_Hindi.jpg",
         "thumbnail_tablet": "https://live-interaction-media-static.s3.ap-south-1.amazonaws.com/website-static-images/webinars_thumbnails/Building_a_strong_resume_Tablet_Hindi.jpg",
         "thumbnail_desktop": "https://live-interaction-media-static.s3.ap-south-1.amazonaws.com/website-static-images/webinars_thumbnails/Building_a_strong_resume_Mobile_Hindi.jpg",
         "date": "8th September",
         "time": "7:00 PM - 8:30 PM",
         "start_datetime": "2021-05-04 12:00:00",
         "simulation_mode": "LIVE",
         "webinar_status": "UPCOMING",
         "should_remind": true
      }
   ],
   "dynamic_route2_webinars": [
      {
         "webinar_id": "dynamic-route-2-webinar",
         "webinar_name": "iB Hubs is hiring from all the 28 States and 8 Union Territories (Telugu)",
         "youtube_id": "YE7VzlLtp-4",
         "video_url": "",
         "platform": "YOUTUBE",
         "webinar_slug": "dynamic-route-2-webinar",
         "is_ended": false,
         "webinar_title": "iB Hubs is hiring from all the 28 States and 8 Union Territories (Telugu)",
         "thumbnail_mobile": "https://live-interaction-media-static.s3.ap-south-1.amazonaws.com/website-static-images/webinars_thumbnails/6th_webinar_Mobile_Telugu_v2.jpg",
         "thumbnail_tablet": "https://live-interaction-media-static.s3.ap-south-1.amazonaws.com/website-static-images/webinars_thumbnails/6th_webinar_Tablet_Telugu_v2.jpg",
         "thumbnail_desktop": "https://live-interaction-media-static.s3.ap-south-1.amazonaws.com/website-static-images/webinars_thumbnails/6th_webinar_Mobile_Telugu_v2.jpg",
         "date": "6th September",
         "time": "10:00 AM - 12:30 PM",
         "start_datetime": "2021-05-04 12:00:00",
         "simulation_mode": "LIVE",
         "webinar_status": "TODAY_MORNING",
         "should_remind": true,
         "cta_details": [
            {
               "button_text": "Register for CCBP 4.0 Affiliate Program",
               "redirection_url": "https://ibhubs.co/",
               "type": "INTERNAL",
               "button_style": "FILLED"
            },
            {
               "button_text": "Redirect Button",
               "redirection_url": "https://ibhubs.co/",
               "type": "EXTERNAL",
               "button_style": "FILLED"
            },
            {
               "button_text": "Redirect Button",
               "redirection_url": "https://ibhubs.co/",
               "type": "REDIRECT",
               "button_style": "OUTLINE"
            }
         ],
         "feedback_url": "https://10xiitian.typeform.com/to/FkguiiHv",
         "assignment_url": "https: //10xiitian.typeform.com/to/FkguiiHv"
      },
      {
         "webinar_id": "dynamic-route-2-webinar2",
         "webinar_name": "iB Hubs is hiring from all the 28 States and 8 Union Territories (Telugu)",
         "youtube_id": "C0DPdy98e4c",
         "video_url": "",
         "platform": "YOUTUBE",
         "webinar_slug": "dynamic-route-2-webinar2",
         "is_ended": false,
         "webinar_title": "iB Hubs is hiring from all the 28 States and 8 Union Territories (Telugu)",
         "thumbnail_mobile": "https://live-interaction-media-static.s3.ap-south-1.amazonaws.com/website-static-images/webinars_thumbnails/6th_webinar_Mobile_Telugu_v2.jpg",
         "thumbnail_tablet": "https://live-interaction-media-static.s3.ap-south-1.amazonaws.com/website-static-images/webinars_thumbnails/6th_webinar_Tablet_Telugu_v2.jpg",
         "thumbnail_desktop": "https://live-interaction-media-static.s3.ap-south-1.amazonaws.com/website-static-images/webinars_thumbnails/6th_webinar_Mobile_Telugu_v2.jpg",
         "date": "6th September",
         "time": "10:00 AM - 12:30 PM",
         "start_datetime": "2021-05-04 12:00:00",
         "simulation_mode": "LIVE",
         "webinar_status": "TODAY_MORNING",
         "should_remind": true,
         "cta_details": [
            {
               "button_text": "Register for CCBP 4.0 Affiliate Program",
               "redirection_url": "https://ibhubs.co/",
               "type": "INTERNAL",
               "button_style": "FILLED"
            },
            {
               "button_text": "Redirect Button",
               "redirection_url": "https://ibhubs.co/",
               "type": "EXTERNAL",
               "button_style": "FILLED"
            },
            {
               "button_text": "Redirect Button",
               "redirection_url": "https://ibhubs.co/",
               "type": "REDIRECT",
               "button_style": "OUTLINE"
            }
         ],
         "feedback_url": "https://10xiitian.typeform.com/to/FkguiiHv",
         "assignment_url": "https: //10xiitian.typeform.com/to/FkguiiHv"
      }
   ],
   "dynamic_route3_webinars": [
      {
         "webinar_id": "dynamic-route-3-webinar",
         "webinar_name": "iB Hubs is hiring from all the 28 States and 8 Union Territories (Telugu)",
         "youtube_id": "YE7VzlLtp-4",
         "video_url": "",
         "platform": "YOUTUBE",
         "webinar_slug": "dynamic-route-3-webinar",
         "is_ended": false,
         "webinar_title": "iB Hubs is hiring from all the 28 States and 8 Union Territories (Telugu)",
         "thumbnail_mobile": "https://live-interaction-media-static.s3.ap-south-1.amazonaws.com/website-static-images/webinars_thumbnails/6th_webinar_Mobile_Telugu_v2.jpg",
         "thumbnail_tablet": "https://live-interaction-media-static.s3.ap-south-1.amazonaws.com/website-static-images/webinars_thumbnails/6th_webinar_Tablet_Telugu_v2.jpg",
         "thumbnail_desktop": "https://live-interaction-media-static.s3.ap-south-1.amazonaws.com/website-static-images/webinars_thumbnails/6th_webinar_Mobile_Telugu_v2.jpg",
         "date": "6th September",
         "time": "10:00 AM - 12:30 PM",
         "start_datetime": "2021-05-04 12:00:00",
         "simulation_mode": "LIVE",
         "webinar_status": "TODAY_MORNING",
         "should_remind": true,
         "cta_details": [
            {
               "button_text": "Register for CCBP 4.0 Affiliate Program",
               "redirection_url": "https://ibhubs.co/",
               "type": "INTERNAL",
               "button_style": "FILLED"
            },
            {
               "button_text": "Redirect Button",
               "redirection_url": "https://ibhubs.co/",
               "type": "EXTERNAL",
               "button_style": "FILLED"
            },
            {
               "button_text": "Redirect Button",
               "redirection_url": "https://ibhubs.co/",
               "type": "REDIRECT",
               "button_style": "OUTLINE"
            }
         ],
         "feedback_url": "https://10xiitian.typeform.com/to/FkguiiHv",
         "assignment_url": "https: //10xiitian.typeform.com/to/FkguiiHv"
      },
      {
         "webinar_id": "dynamic-route-3-webinar2",
         "webinar_name": "iB Hubs is hiring from all the 28 States and 8 Union Territories (Telugu)",
         "youtube_id": "C0DPdy98e4c",
         "video_url": "",
         "platform": "YOUTUBE",
         "webinar_slug": "dynamic-route-3-webinar2",
         "is_ended": false,
         "webinar_title": "iB Hubs is hiring from all the 28 States and 8 Union Territories (Telugu)",
         "thumbnail_mobile": "https://live-interaction-media-static.s3.ap-south-1.amazonaws.com/website-static-images/webinars_thumbnails/6th_webinar_Mobile_Telugu_v2.jpg",
         "thumbnail_tablet": "https://live-interaction-media-static.s3.ap-south-1.amazonaws.com/website-static-images/webinars_thumbnails/6th_webinar_Tablet_Telugu_v2.jpg",
         "thumbnail_desktop": "https://live-interaction-media-static.s3.ap-south-1.amazonaws.com/website-static-images/webinars_thumbnails/6th_webinar_Mobile_Telugu_v2.jpg",
         "date": "6th September",
         "time": "10:00 AM - 12:30 PM",
         "start_datetime": "2021-05-04 12:00:00",
         "simulation_mode": "LIVE",
         "webinar_status": "TODAY_MORNING",
         "should_remind": true,
         "cta_details": [
            {
               "button_text": "Register for CCBP 4.0 Affiliate Program",
               "redirection_url": "https://ibhubs.co/",
               "type": "INTERNAL",
               "button_style": "FILLED"
            },
            {
               "button_text": "Redirect Button",
               "redirection_url": "https://ibhubs.co/",
               "type": "EXTERNAL",
               "button_style": "FILLED"
            },
            {
               "button_text": "Redirect Button",
               "redirection_url": "https://ibhubs.co/",
               "type": "REDIRECT",
               "button_style": "OUTLINE"
            }
         ],
         "feedback_url": "https://10xiitian.typeform.com/to/FkguiiHv",
         "assignment_url": "https: //10xiitian.typeform.com/to/FkguiiHv"
      }
   ],
   "investors_meet": [],
   "dynamic_route4_webinars": [
      {
         "webinar_id": "dynamic-route-4-webinar",
         "webinar_name": "iB Hubs is hiring from all the 28 States and 8 Union Territories (Telugu)",
         "youtube_id": "YE7VzlLtp-4",
         "video_url": "",
         "platform": "YOUTUBE",
         "webinar_slug": "dynamic-route-4-webinar",
         "is_ended": false,
         "webinar_title": "iB Hubs is hiring from all the 28 States and 8 Union Territories (Telugu)",
         "thumbnail_mobile": "https://live-interaction-media-static.s3.ap-south-1.amazonaws.com/website-static-images/webinars_thumbnails/6th_webinar_Mobile_Telugu_v2.jpg",
         "thumbnail_tablet": "https://live-interaction-media-static.s3.ap-south-1.amazonaws.com/website-static-images/webinars_thumbnails/6th_webinar_Tablet_Telugu_v2.jpg",
         "thumbnail_desktop": "https://live-interaction-media-static.s3.ap-south-1.amazonaws.com/website-static-images/webinars_thumbnails/6th_webinar_Mobile_Telugu_v2.jpg",
         "date": "6th September",
         "time": "10:00 AM - 12:30 PM",
         "start_datetime": "2021-05-04 12:00:00",
         "simulation_mode": "LIVE",
         "webinar_status": "TODAY_MORNING",
         "should_remind": true,
         "cta_details": [
            {
               "button_text": "Register for CCBP 4.0 Affiliate Program",
               "redirection_url": "https://ibhubs.co/",
               "type": "INTERNAL",
               "button_style": "FILLED"
            },
            {
               "button_text": "Redirect Button",
               "redirection_url": "https://ibhubs.co/",
               "type": "EXTERNAL",
               "button_style": "FILLED"
            },
            {
               "button_text": "Redirect Button",
               "redirection_url": "https://ibhubs.co/",
               "type": "REDIRECT",
               "button_style": "OUTLINE"
            }
         ],
         "feedback_url": "https://10xiitian.typeform.com/to/FkguiiHv",
         "assignment_url": "https: //10xiitian.typeform.com/to/FkguiiHv",
         "pre_webinar_form": "PARENT_OR_STUDENT_FORM"
      },
      {
         "webinar_id": "dynamic-route-4-webinar2",
         "webinar_name": "iB Hubs is hiring from all the 28 States and 8 Union Territories (Telugu)",
         "youtube_id": "C0DPdy98e4c",
         "video_url": "",
         "platform": "YOUTUBE",
         "webinar_slug": "dynamic-route-4-webinar2",
         "is_ended": false,
         "webinar_title": "iB Hubs is hiring from all the 28 States and 8 Union Territories (Telugu)",
         "thumbnail_mobile": "https://live-interaction-media-static.s3.ap-south-1.amazonaws.com/website-static-images/webinars_thumbnails/6th_webinar_Mobile_Telugu_v2.jpg",
         "thumbnail_tablet": "https://live-interaction-media-static.s3.ap-south-1.amazonaws.com/website-static-images/webinars_thumbnails/6th_webinar_Tablet_Telugu_v2.jpg",
         "thumbnail_desktop": "https://live-interaction-media-static.s3.ap-south-1.amazonaws.com/website-static-images/webinars_thumbnails/6th_webinar_Mobile_Telugu_v2.jpg",
         "date": "6th September",
         "time": "10:00 AM - 12:30 PM",
         "start_datetime": "2021-05-04 12:00:00",
         "simulation_mode": "LIVE",
         "webinar_status": "TODAY_MORNING",
         "should_remind": true,
         "cta_details": [
            {
               "button_text": "Register for CCBP 4.0 Affiliate Program",
               "redirection_url": "https://ibhubs.co/",
               "type": "INTERNAL",
               "button_style": "FILLED"
            },
            {
               "button_text": "Redirect Button",
               "redirection_url": "https://ibhubs.co/",
               "type": "EXTERNAL",
               "button_style": "FILLED"
            },
            {
               "button_text": "Redirect Button",
               "redirection_url": "https://ibhubs.co/",
               "type": "REDIRECT",
               "button_style": "OUTLINE"
            }
         ],
         "feedback_url": "https://10xiitian.typeform.com/to/FkguiiHv",
         "assignment_url": "https: //10xiitian.typeform.com/to/FkguiiHv"
      }
   ],
   "sso_testing_webinars": [
      {
         "webinar_id": "testing-11am",
         "webinar_name": "iB Hubs is hiring from all the 28 States and 8 Union Territories (Telugu)",
         "youtube_id": "TwoFWtuRGzY",
         "video_url": "",
         "platform": "YOUTUBE",
         "webinar_slug": "testing-11am",
         "is_ended": false,
         "webinar_title": "iB Hubs is hiring from all the 28 States and 8 Union Territories (Telugu)",
         "thumbnail_mobile": "https://live-interaction-media-static.s3.ap-south-1.amazonaws.com/website-static-images/webinars_thumbnails/6th_webinar_Mobile_Telugu_v2.jpg",
         "thumbnail_tablet": "https://live-interaction-media-static.s3.ap-south-1.amazonaws.com/website-static-images/webinars_thumbnails/6th_webinar_Tablet_Telugu_v2.jpg",
         "thumbnail_desktop": "https://live-interaction-media-static.s3.ap-south-1.amazonaws.com/website-static-images/webinars_thumbnails/6th_webinar_Mobile_Telugu_v2.jpg",
         "date": "6th September",
         "time": "10:00 AM - 12:30 PM",
         "start_datetime": "2021-05-04 12:00:00",
         "simulation_mode": "LIVE",
         "webinar_status": "TODAY_MORNING",
         "should_remind": true,
         "cta_details": [
            {
               "button_text": "Register for CCBP 4.0 Affiliate Program",
               "redirection_url": "https://ibhubs.co/",
               "type": "INTERNAL",
               "button_style": "FILLED"
            },
            {
               "button_text": "Redirect Button",
               "redirection_url": "https://ibhubs.co/",
               "type": "EXTERNAL",
               "button_style": "FILLED"
            },
            {
               "button_text": "Redirect Button",
               "redirection_url": "https://ibhubs.co/",
               "type": "REDIRECT",
               "button_style": "OUTLINE"
            }
         ],
         "feedback_url": "https://10xiitian.typeform.com/to/FkguiiHv",
         "assignment_url": "https: //10xiitian.typeform.com/to/FkguiiHv",
         "pre_webinar_form": "PARENT_OR_STUDENT_FORM",
         "registration_link": "https://bit.ly/LIVE-SUCCESS-AFTER-INTER",
         "access_configuration": {
            "access_type": "APPS_AND_SUBSCRIPTIONS",
            "is_one_product_access_sufficient": true,
            "should_redirect_to_webinar_directly": true
         },
         "analytics_config": {
            "should_track_events": true,
            "should_track_page": true,
            "track_event_properties": {
               "serial_number": 1
            }
         }
      },
      {
         "webinar_id": "testing-11aem",
         "webinar_name": "iB Hubs is hiring from all the 28 States and 8 Union Territories (Telugu)",
         "youtube_id": "TwoFWtuRGzY",
         "video_url": "",
         "platform": "YOUTUBE",
         "webinar_slug": "testing-11aem",
         "is_ended": false,
         "webinar_title": "iB Hubs is hiring from all the 28 States and 8 Union Territories (Telugu)",
         "thumbnail_mobile": "https://live-interaction-media-static.s3.ap-south-1.amazonaws.com/website-static-images/webinars_thumbnails/6th_webinar_Mobile_Telugu_v2.jpg",
         "thumbnail_tablet": "https://live-interaction-media-static.s3.ap-south-1.amazonaws.com/website-static-images/webinars_thumbnails/6th_webinar_Tablet_Telugu_v2.jpg",
         "thumbnail_desktop": "https://live-interaction-media-static.s3.ap-south-1.amazonaws.com/website-static-images/webinars_thumbnails/6th_webinar_Mobile_Telugu_v2.jpg",
         "date": "6th September",
         "time": "10:00 AM - 12:30 PM",
         "start_datetime": "2021-05-04 12:00:00",
         "simulation_mode": "LIVE",
         "webinar_status": "TODAY_EVENING",
         "should_remind": true,
         "cta_details": [
            {
               "button_text": "Register for CCBP 4.0 Affiliate Program",
               "redirection_url": "https://ibhubs.co/",
               "type": "INTERNAL",
               "button_style": "FILLED"
            },
            {
               "button_text": "Redirect Button",
               "redirection_url": "https://ibhubs.co/",
               "type": "EXTERNAL",
               "button_style": "FILLED"
            },
            {
               "button_text": "Redirect Button",
               "redirection_url": "https://ibhubs.co/",
               "type": "REDIRECT",
               "button_style": "OUTLINE"
            }
         ],
         "feedback_url": "https://10xiitian.typeform.com/to/FkguiiHv",
         "assignment_url": "https: //10xiitian.typeform.com/to/FkguiiHv",
         "pre_webinar_form": "PARENT_OR_STUDENT_FORM",
         "registration_link": "https://bit.ly/LIVE-SUCCESS-AFTER-INTER",
         "access_configuration": {
            "access_type": "APPS_AND_SUBSCRIPTIONS",
            "is_one_product_access_sufficient": true,
            "should_redirect_to_webinar_directly": true
         },
         "analytics_config": {
            "should_track_events": true,
            "should_track_page": true,
            "track_event_properties": {
               "serial_number": 1
            }
         }
      },
      {
         "webinar_id": "testing-11sam",
         "webinar_name": "iB Hubs is hiring from all the 28 States and 8 Union Territories (Telugu)",
         "youtube_id": "TwoFWtuRGzY",
         "video_url": "",
         "platform": "YOUTUBE",
         "webinar_slug": "testing-11sam",
         "is_ended": false,
         "is_hidden": true,
         "webinar_title": "iB Hubs is hiring from all the 28 States and 8 Union Territories (Telugu)",
         "thumbnail_mobile": "https://live-interaction-media-static.s3.ap-south-1.amazonaws.com/website-static-images/webinars_thumbnails/6th_webinar_Mobile_Telugu_v2.jpg",
         "thumbnail_tablet": "https://live-interaction-media-static.s3.ap-south-1.amazonaws.com/website-static-images/webinars_thumbnails/6th_webinar_Tablet_Telugu_v2.jpg",
         "thumbnail_desktop": "https://live-interaction-media-static.s3.ap-south-1.amazonaws.com/website-static-images/webinars_thumbnails/6th_webinar_Mobile_Telugu_v2.jpg",
         "date": "6th September",
         "time": "10:00 AM - 12:30 PM",
         "start_datetime": "2021-05-04 12:00:00",
         "simulation_mode": "LIVE",
         "webinar_status": "NEW_STATUS_1",
         "should_remind": true,
         "cta_details": [
            {
               "button_text": "Register for CCBP 4.0 Affiliate Program",
               "redirection_url": "https://ibhubs.co/",
               "type": "INTERNAL",
               "button_style": "FILLED"
            },
            {
               "button_text": "Redirect Button",
               "redirection_url": "https://ibhubs.co/",
               "type": "EXTERNAL",
               "button_style": "FILLED"
            },
            {
               "button_text": "Redirect Button",
               "redirection_url": "https://ibhubs.co/",
               "type": "REDIRECT",
               "button_style": "OUTLINE"
            }
         ],
         "feedback_url": "https://10xiitian.typeform.com/to/FkguiiHv",
         "assignment_url": "https: //10xiitian.typeform.com/to/FkguiiHv",
         "pre_webinar_form": "PARENT_OR_STUDENT_FORM",
         "registration_link": "https://bit.ly/LIVE-SUCCESS-AFTER-INTER",
         "access_configuration": {
            "access_type": "APPS_AND_SUBSCRIPTIONS",
            "is_one_product_access_sufficient": true,
            "should_redirect_to_webinar_directly": true
         },
         "analytics_config": {
            "should_track_events": true,
            "should_track_page": true,
            "track_event_properties": {
               "serial_number": 1
            }
         }
      },
      {
         "webinar_id": "testing-11sfam",
         "webinar_name": "iB Hubs is hiring from all the 28 States and 8 Union Territories (Telugu)",
         "youtube_id": "TwoFWtuRGzY",
         "video_url": "",
         "platform": "YOUTUBE",
         "webinar_slug": "testing-11fsam",
         "is_ended": false,
         "webinar_title": "iB Hubs is hiring from all the 28 States and 8 Union Territories (Telugu)",
         "thumbnail_mobile": "https://live-interaction-media-static.s3.ap-south-1.amazonaws.com/website-static-images/webinars_thumbnails/6th_webinar_Mobile_Telugu_v2.jpg",
         "thumbnail_tablet": "https://live-interaction-media-static.s3.ap-south-1.amazonaws.com/website-static-images/webinars_thumbnails/6th_webinar_Tablet_Telugu_v2.jpg",
         "thumbnail_desktop": "https://live-interaction-media-static.s3.ap-south-1.amazonaws.com/website-static-images/webinars_thumbnails/6th_webinar_Mobile_Telugu_v2.jpg",
         "date": "6th September",
         "time": "10:00 AM - 12:30 PM",
         "start_datetime": "2021-05-04 12:00:00",
         "simulation_mode": "LIVE",
         "webinar_status": "NEW_STATUS_2",
         "should_remind": true,
         "cta_details": [
            {
               "button_text": "Register for CCBP 4.0 Affiliate Program",
               "redirection_url": "https://ibhubs.co/",
               "type": "INTERNAL",
               "button_style": "FILLED"
            },
            {
               "button_text": "Redirect Button",
               "redirection_url": "https://ibhubs.co/",
               "type": "EXTERNAL",
               "button_style": "FILLED"
            },
            {
               "button_text": "Redirect Button",
               "redirection_url": "https://ibhubs.co/",
               "type": "REDIRECT",
               "button_style": "OUTLINE"
            }
         ],
         "feedback_url": "https://10xiitian.typeform.com/to/FkguiiHv",
         "assignment_url": "https: //10xiitian.typeform.com/to/FkguiiHv",
         "pre_webinar_form": "PARENT_OR_STUDENT_FORM",
         "registration_link": "https://bit.ly/LIVE-SUCCESS-AFTER-INTER",
         "access_configuration": {
            "access_type": "APPS_AND_SUBSCRIPTIONS",
            "is_one_product_access_sufficient": true,
            "should_redirect_to_webinar_directly": true
         },
         "analytics_config": {
            "should_track_events": true,
            "should_track_page": true,
            "track_event_properties": {
               "serial_number": 1
            }
         }
      },
      {
         "webinar_id": "testing-12pm",
         "webinar_name": "iB Hubs is hiring from all the 28 States and 8 Union Territories (English)",
         "youtube_id": "Mz87g1RN8aM",
         "video_url": "",
         "platform": "YOUTUBE",
         "webinar_slug": "testing-12pm",
         "is_ended": false,
         "webinar_title": "iB Hubs is hiring from all the 28 States and 8 Union Territories (English)",
         "thumbnail_mobile": "https://live-interaction-media-static.s3.ap-south-1.amazonaws.com/website-static-images/webinars_thumbnails/6th_webinar_Mobile_English_v2.jpg",
         "thumbnail_tablet": "https://live-interaction-media-static.s3.ap-south-1.amazonaws.com/website-static-images/webinars_thumbnails/6th_webinar_Tablet_English_v2.jpg",
         "thumbnail_desktop": "https://live-interaction-media-static.s3.ap-south-1.amazonaws.com/website-static-images/webinars_thumbnails/6th_webinar_Mobile_English_v2.jpg",
         "date": "6th September",
         "time": "06:00 PM - 08:30 PM",
         "start_datetime": "2021-05-04 12:00:00",
         "simulation_mode": "LIVE",
         "webinar_status": "TODAY_MORNING",
         "should_remind": true,
         "cta_details": [
            {
               "button_text": "Register for CCBP 4.0 Affiliate Program",
               "redirection_url": "https://ibhubs.co/",
               "type": "INTERNAL",
               "button_style": "FILLED"
            },
            {
               "button_text": "Redirect Button",
               "redirection_url": "https://ibhubs.co/",
               "type": "EXTERNAL",
               "button_style": "FILLED"
            },
            {
               "button_text": "Redirect Button",
               "redirection_url": "https://ibhubs.co/",
               "type": "REDIRECT",
               "button_style": "OUTLINE"
            }
         ]
      }
   ],
   "student_ambassador_webinars": [
      {
         "webinar_id": "student-ambassador-webinar",
         "webinar_name": "Introduction to XPM 4.0 | Telugu",
         "youtube_id": "rbSbJ0CJeQw",
         "video_url": "",
         "platform": "YOUTUBE",
         "webinar_slug": "student-ambassador-webinar",
         "is_ended": false,
         "webinar_title": "Introduction to XPM 4.0 | Telugu",
         "thumbnail_mobile": "https://live-interaction-media-static.s3.ap-south-1.amazonaws.com/website-static-images/webinars_thumbnails/xpm_trial/Introduction_to_XPM_4_0_mobile_telugu.jpg",
         "thumbnail_tablet": "https://live-interaction-media-static.s3.ap-south-1.amazonaws.com/website-static-images/webinars_thumbnails/xpm_trial/Introduction_to_XPM_4_0_tablet_telugu.jpg",
         "thumbnail_desktop": "https://live-interaction-media-static.s3.ap-south-1.amazonaws.com/website-static-images/webinars_thumbnails/xpm_trial/Introduction_to_XPM_4_0_mobile_telugu.jpg",
         "date": "",
         "time": "",
         "start_datetime": "2021-05-04 12:00:00",
         "simulation_mode": "LIVE",
         "webinar_status": "TODAY_MORNING",
         "language": "TELUGU"
      }
   ],
   "sso_webinars": [
      {
         "webinar_id": "6sep-telugu-11am",
         "webinar_name": "iB Hubs is hiring from all the 28 States and 8 Union Territories (Telugu)",
         "youtube_id": "TwoFWtuRGzY",
         "video_url": "",
         "platform": "YOUTUBE",
         "webinar_slug": "6sep-telugu-11am",
         "is_ended": false,
         "webinar_title": "iB Hubs is hiring from all the 28 States and 8 Union Territories (Telugu)",
         "thumbnail_mobile": "https://live-interaction-media-static.s3.ap-south-1.amazonaws.com/website-static-images/webinars_thumbnails/6th_webinar_Mobile_Telugu_v2.jpg",
         "thumbnail_tablet": "https://live-interaction-media-static.s3.ap-south-1.amazonaws.com/website-static-images/webinars_thumbnails/6th_webinar_Tablet_Telugu_v2.jpg",
         "thumbnail_desktop": "https://live-interaction-media-static.s3.ap-south-1.amazonaws.com/website-static-images/webinars_thumbnails/6th_webinar_Mobile_Telugu_v2.jpg",
         "date": "6th September",
         "time": "10:00 AM - 12:30 PM",
         "start_datetime": "2021-05-04 12:00:00",
         "simulation_mode": "LIVE",
         "webinar_status": "TODAY_MORNING",
         "should_remind": true,
         "cta_details": [
            {
               "button_text": "Register for CCBP 4.0 Affiliate Program",
               "redirection_url": "https://ibhubs.co/",
               "type": "INTERNAL",
               "button_style": "FILLED"
            },
            {
               "button_text": "Redirect Button",
               "redirection_url": "https://ibhubs.co/",
               "type": "EXTERNAL",
               "button_style": "FILLED"
            },
            {
               "button_text": "Redirect Button",
               "redirection_url": "https://ibhubs.co/",
               "type": "REDIRECT",
               "button_style": "OUTLINE"
            }
         ],
         "feedback_url": "https://10xiitian.typeform.com/to/FkguiiHv",
         "assignment_url": "https: //10xiitian.typeform.com/to/FkguiiHv"
      },
      {
         "webinar_id": "6sep-english-12pm",
         "webinar_name": "iB Hubs is hiring from all the 28 States and 8 Union Territories (English)",
         "youtube_id": "Mz87g1RN8aM",
         "video_url": "",
         "platform": "YOUTUBE",
         "webinar_slug": "6sep-english-6pm",
         "is_ended": false,
         "webinar_title": "iB Hubs is hiring from all the 28 States and 8 Union Territories (English)",
         "thumbnail_mobile": "https://live-interaction-media-static.s3.ap-south-1.amazonaws.com/website-static-images/webinars_thumbnails/6th_webinar_Mobile_English_v2.jpg",
         "thumbnail_tablet": "https://live-interaction-media-static.s3.ap-south-1.amazonaws.com/website-static-images/webinars_thumbnails/6th_webinar_Tablet_English_v2.jpg",
         "thumbnail_desktop": "https://live-interaction-media-static.s3.ap-south-1.amazonaws.com/website-static-images/webinars_thumbnails/6th_webinar_Mobile_English_v2.jpg",
         "date": "6th September",
         "time": "06:00 PM - 08:30 PM",
         "start_datetime": "2021-05-04 12:00:00",
         "simulation_mode": "LIVE",
         "webinar_status": "TODAY_MORNING",
         "should_remind": true,
         "cta_details": [
            {
               "button_text": "Register for CCBP 4.0 Affiliate Program",
               "redirection_url": "https://ibhubs.co/",
               "type": "INTERNAL",
               "button_style": "FILLED"
            },
            {
               "button_text": "Redirect Button",
               "redirection_url": "https://ibhubs.co/",
               "type": "EXTERNAL",
               "button_style": "FILLED"
            },
            {
               "button_text": "Redirect Button",
               "redirection_url": "https://ibhubs.co/",
               "type": "REDIRECT",
               "button_style": "OUTLINE"
            }
         ]
      },
      {
         "webinar_id": "7sep-hindi-13pm",
         "webinar_name": "iB Hubs is hiring from all the 28 States and 8 Union Territories (Hindi)",
         "youtube_id": "r4U7MuYI8_E",
         "video_url": "",
         "platform": "YOUTUBE",
         "webinar_slug": "7sep-hindi-6pm",
         "is_ended": false,
         "webinar_title": "iB Hubs is hiring from all the 28 States and 8 Union Territories (Hindi)",
         "thumbnail_mobile": "https://live-interaction-media-static.s3.ap-south-1.amazonaws.com/website-static-images/webinars_thumbnails/7th_webinar_Mobile_Hindi_v2.jpg",
         "thumbnail_tablet": "https://live-interaction-media-static.s3.ap-south-1.amazonaws.com/website-static-images/webinars_thumbnails/7th_webinar_Tablet_Hindi_v2.jpg",
         "thumbnail_desktop": "https://live-interaction-media-static.s3.ap-south-1.amazonaws.com/website-static-images/webinars_thumbnails/7th_webinar_Mobile_Hindi_v2.jpg",
         "date": "7th September",
         "time": "06:00 PM - 08:30 PM",
         "start_datetime": "2021-05-04 12:00:00",
         "simulation_mode": "LIVE",
         "webinar_status": "TODAY_MORNING",
         "should_remind": true,
         "feedback_url": "https://10xiitian.typeform.com/to/FkguiiHv",
         "cta_details": [
            {
               "button_text": "Register for CCBP 4.0 Affiliate Program",
               "redirection_url": "https://ibhubs.co/",
               "type": "INTERNAL",
               "button_style": "FILLED"
            },
            {
               "button_text": "Redirect Button",
               "redirection_url": "https://ibhubs.co/",
               "type": "EXTERNAL",
               "button_style": "FILLED"
            },
            {
               "button_text": "Redirect Button",
               "redirection_url": "https://ibhubs.co/",
               "type": "REDIRECT",
               "button_style": "OUTLINE"
            }
         ]
      },
      {
         "webinar_id": "4sep-hindi-14pm",
         "webinar_name": "Deep dive into CCBP 4.0 & XPM 4.0 (Hindi)",
         "youtube_id": "F8fBGI7UrhA",
         "video_url": "",
         "platform": "YOUTUBE",
         "webinar_slug": "4sep-hindi-7pm",
         "is_ended": true,
         "webinar_title": "Deep dive into CCBP 4.0 & XPM 4.0 (Hindi)",
         "thumbnail_mobile": "https://live-interaction-media-static.s3.ap-south-1.amazonaws.com/website-static-images/webinars_thumbnails/sep4th_hindi_desktop_v1.png",
         "thumbnail_tablet": "https://live-interaction-media-static.s3.ap-south-1.amazonaws.com/website-static-images/webinars_thumbnails/sep4th_hindi_tablet_v1.png",
         "thumbnail_desktop": "https://live-interaction-media-static.s3.ap-south-1.amazonaws.com/website-static-images/webinars_thumbnails/sep4th_hindi_desktop_v1.png",
         "date": "4th September",
         "time": "07:00 PM - 09:00 PM",
         "start_datetime": "2021-05-04 12:00:00",
         "simulation_mode": "LIVE",
         "webinar_status": "COMPLETED",
         "should_remind": true
      },
      {
         "webinar_id": "building-strong-resume-telugu-07am",
         "webinar_name": "Building a Strong Resume: Part 1 (Telugu)",
         "youtube_id": "LSUXm4ifL-Y",
         "video_url": "",
         "platform": "YOUTUBE",
         "webinar_slug": "building-strong-resume-telugu-10am",
         "is_ended": false,
         "webinar_title": "Building a Strong Resume: Part 1 (Telugu)",
         "thumbnail_mobile": "https://live-interaction-media-static.s3.ap-south-1.amazonaws.com/website-static-images/webinars_thumbnails/Building_a_strong_resume_Mobile.jpg",
         "thumbnail_tablet": "https://live-interaction-media-static.s3.ap-south-1.amazonaws.com/website-static-images/webinars_thumbnails/Building_a_strong_resume_Tablet.jpg",
         "thumbnail_desktop": "https://live-interaction-media-static.s3.ap-south-1.amazonaws.com/website-static-images/webinars_thumbnails/Building_a_strong_resume_Mobile.jpg",
         "date": "7th September",
         "time": "10:00 AM - 11:30 AM",
         "start_datetime": "2021-05-04 12:00:00",
         "simulation_mode": "LIVE",
         "webinar_status": "TODAY_MORNING",
         "should_remind": false,
         "feedback_url": "https://10xiitian.typeform.com/to/FkguiiHv"
      },
      {
         "webinar_id": "building-strong-resume-telugu-03pm",
         "webinar_name": "Building a Strong Resume: Part 1 (Telugu)",
         "youtube_id": "LSUXm4ifL-Y",
         "video_url": "",
         "platform": "YOUTUBE",
         "webinar_slug": "building-strong-resume-telugu-3pm",
         "is_ended": false,
         "webinar_title": "Building a Strong Resume: Part 1 (Telugu)",
         "thumbnail_mobile": "https://live-interaction-media-static.s3.ap-south-1.amazonaws.com/website-static-images/webinars_thumbnails/Building_a_strong_resume_Mobile.jpg",
         "thumbnail_tablet": "https://live-interaction-media-static.s3.ap-south-1.amazonaws.com/website-static-images/webinars_thumbnails/Building_a_strong_resume_Tablet.jpg",
         "thumbnail_desktop": "https://live-interaction-media-static.s3.ap-south-1.amazonaws.com/website-static-images/webinars_thumbnails/Building_a_strong_resume_Mobile.jpg",
         "date": "7th September",
         "time": "03:00 PM - 04:30 PM",
         "start_datetime": "2021-05-04 12:00:00",
         "simulation_mode": "LIVE",
         "webinar_status": "TODAY_AFTERNOON",
         "should_remind": false,
         "feedback_url": "https://10xiitian.typeform.com/to/FkguiiHv"
      },
      {
         "webinar_id": "building-strong-resume-telugu-07pm",
         "webinar_name": "Building a Strong Resume: Part 1 (Telugu)",
         "youtube_id": "LSUXm4ifL-Y",
         "video_url": "",
         "platform": "YOUTUBE",
         "webinar_slug": "building-strong-resume-telugu-7pm",
         "is_ended": false,
         "webinar_title": "Building a Strong Resume: Part 1 (Telugu)",
         "thumbnail_mobile": "https://live-interaction-media-static.s3.ap-south-1.amazonaws.com/website-static-images/webinars_thumbnails/Building_a_strong_resume_Mobile.jpg",
         "thumbnail_tablet": "https://live-interaction-media-static.s3.ap-south-1.amazonaws.com/website-static-images/webinars_thumbnails/Building_a_strong_resume_Tablet.jpg",
         "thumbnail_desktop": "https://live-interaction-media-static.s3.ap-south-1.amazonaws.com/website-static-images/webinars_thumbnails/Building_a_strong_resume_Mobile.jpg",
         "date": "7th September",
         "time": "7:00 PM - 8:30 PM",
         "start_datetime": "2021-05-04 12:00:00",
         "simulation_mode": "LIVE",
         "webinar_status": "TODAY_EVENING",
         "should_remind": true,
         "feedback_url": "https://10xiitian.typeform.com/to/FkguiiHv"
      },
      {
         "webinar_id": "building-strong-resume-english-06am",
         "webinar_name": "Building a Strong Resume: Part 1 (English)",
         "youtube_id": "d_dkntJf4Hk",
         "video_url": "",
         "platform": "YOUTUBE",
         "webinar_slug": "building-strong-resume-english-10am",
         "is_ended": false,
         "webinar_title": "Building a Strong Resume: Part 1 (English)",
         "thumbnail_mobile": "https://live-interaction-media-static.s3.ap-south-1.amazonaws.com/website-static-images/webinars_thumbnails/Building_a_strong_resume_Mobile_English.jpg",
         "thumbnail_tablet": "https://live-interaction-media-static.s3.ap-south-1.amazonaws.com/website-static-images/webinars_thumbnails/Building_a_strong_resume_Tablet_English.jpg",
         "thumbnail_desktop": "https://live-interaction-media-static.s3.ap-south-1.amazonaws.com/website-static-images/webinars_thumbnails/Building_a_strong_resume_Mobile_English.jpg",
         "date": "7th September",
         "time": "10:00 AM - 11:30 AM",
         "start_datetime": "2021-05-04 12:00:00",
         "simulation_mode": "LIVE",
         "webinar_status": "TODAY_MORNING",
         "should_remind": false
      },
      {
         "webinar_id": "building-strong-resume-english-03pm",
         "webinar_name": "Building a Strong Resume: Part 1 (English)",
         "youtube_id": "d_dkntJf4Hk",
         "video_url": "",
         "platform": "YOUTUBE",
         "webinar_slug": "building-strong-resume-english-3pm",
         "is_ended": false,
         "webinar_title": "Building a Strong Resume: Part 1 (English)",
         "thumbnail_mobile": "https://live-interaction-media-static.s3.ap-south-1.amazonaws.com/website-static-images/webinars_thumbnails/Building_a_strong_resume_Mobile_English.jpg",
         "thumbnail_tablet": "https://live-interaction-media-static.s3.ap-south-1.amazonaws.com/website-static-images/webinars_thumbnails/Building_a_strong_resume_Tablet_English.jpg",
         "thumbnail_desktop": "https://live-interaction-media-static.s3.ap-south-1.amazonaws.com/website-static-images/webinars_thumbnails/Building_a_strong_resume_Mobile_English.jpg",
         "date": "7th September",
         "time": "03:00 PM - 04:30 PM",
         "start_datetime": "2021-05-04 12:00:00",
         "simulation_mode": "LIVE",
         "webinar_status": "TODAY_AFTERNOON",
         "should_remind": false
      },
      {
         "webinar_id": "building-strong-resume-english-07pm",
         "webinar_name": "Building a Strong Resume: Part 1 (English)",
         "youtube_id": "d_dkntJf4Hk",
         "video_url": "",
         "platform": "YOUTUBE",
         "webinar_slug": "building-strong-resume-english-7pm",
         "is_ended": false,
         "webinar_title": "Building a Strong Resume: Part 1 (English)",
         "thumbnail_mobile": "https://live-interaction-media-static.s3.ap-south-1.amazonaws.com/website-static-images/webinars_thumbnails/Building_a_strong_resume_Mobile_English.jpg",
         "thumbnail_tablet": "https://live-interaction-media-static.s3.ap-south-1.amazonaws.com/website-static-images/webinars_thumbnails/Building_a_strong_resume_Tablet_English.jpg",
         "thumbnail_desktop": "https://live-interaction-media-static.s3.ap-south-1.amazonaws.com/website-static-images/webinars_thumbnails/Building_a_strong_resume_Mobile_English.jpg",
         "date": "7th September",
         "time": "7:00 PM - 8:30 PM",
         "start_datetime": "2021-05-04 12:00:00",
         "simulation_mode": "LIVE",
         "webinar_status": "TODAY_EVENING",
         "should_remind": true
      },
      {
         "webinar_id": "building-strong-resume-hindi-10am",
         "webinar_name": "Building a Strong Resume: Part 1 (Hindi)",
         "youtube_id": "3kcCXb0zbnM",
         "video_url": "",
         "platform": "YOUTUBE",
         "webinar_slug": "building-strong-resume-hindi-10am",
         "is_ended": false,
         "webinar_title": "Building a Strong Resume: Part 1 (Hindi)",
         "thumbnail_mobile": "https://live-interaction-media-static.s3.ap-south-1.amazonaws.com/website-static-images/webinars_thumbnails/Building_a_strong_resume_Mobile_Hindi.jpg",
         "thumbnail_tablet": "https://live-interaction-media-static.s3.ap-south-1.amazonaws.com/website-static-images/webinars_thumbnails/Building_a_strong_resume_Tablet_Hindi.jpg",
         "thumbnail_desktop": "https://live-interaction-media-static.s3.ap-south-1.amazonaws.com/website-static-images/webinars_thumbnails/Building_a_strong_resume_Mobile_Hindi.jpg",
         "date": "8th September",
         "time": "10:00 AM - 11:30 AM",
         "start_datetime": "2021-05-04 12:00:00",
         "simulation_mode": "LIVE",
         "webinar_status": "UPCOMING",
         "should_remind": false
      },
      {
         "webinar_id": "building-strong-resume-hindi-3pm",
         "webinar_name": "Building a Strong Resume: Part 1 (Hindi)",
         "youtube_id": "3kcCXb0zbnM",
         "video_url": "",
         "platform": "YOUTUBE",
         "webinar_slug": "building-strong-resume-hindi-3pm",
         "is_ended": false,
         "webinar_title": "Building a Strong Resume: Part 1 (Hindi)",
         "thumbnail_mobile": "https://live-interaction-media-static.s3.ap-south-1.amazonaws.com/website-static-images/webinars_thumbnails/Building_a_strong_resume_Mobile_Hindi.jpg",
         "thumbnail_tablet": "https://live-interaction-media-static.s3.ap-south-1.amazonaws.com/website-static-images/webinars_thumbnails/Building_a_strong_resume_Tablet_Hindi.jpg",
         "thumbnail_desktop": "https://live-interaction-media-static.s3.ap-south-1.amazonaws.com/website-static-images/webinars_thumbnails/Building_a_strong_resume_Mobile_Hindi.jpg",
         "date": "8th September",
         "time": "03:00 PM - 04:30 PM",
         "start_datetime": "2021-05-04 12:00:00",
         "simulation_mode": "LIVE",
         "webinar_status": "UPCOMING",
         "should_remind": false
      },
      {
         "webinar_id": "building-strong-resume-hindi-7pm",
         "webinar_name": "Building a Strong Resume: Part 1 (Hindi)",
         "youtube_id": "3kcCXb0zbnM",
         "video_url": "",
         "platform": "YOUTUBE",
         "webinar_slug": "building-strong-resume-hindi-7pm",
         "is_ended": false,
         "webinar_title": "Building a Strong Resume: Part 1 (Hindi)",
         "thumbnail_mobile": "https://live-interaction-media-static.s3.ap-south-1.amazonaws.com/website-static-images/webinars_thumbnails/Building_a_strong_resume_Mobile_Hindi.jpg",
         "thumbnail_tablet": "https://live-interaction-media-static.s3.ap-south-1.amazonaws.com/website-static-images/webinars_thumbnails/Building_a_strong_resume_Tablet_Hindi.jpg",
         "thumbnail_desktop": "https://live-interaction-media-static.s3.ap-south-1.amazonaws.com/website-static-images/webinars_thumbnails/Building_a_strong_resume_Mobile_Hindi.jpg",
         "date": "8th September",
         "time": "7:00 PM - 8:30 PM",
         "start_datetime": "2021-05-04 12:00:00",
         "simulation_mode": "LIVE",
         "webinar_status": "UPCOMING",
         "should_remind": true
      }
   ],
   "available_languages": [
      { "value": "TELUGU", "label": "Telugu" },
      { "value": "ENGLISH", "label": "English" },
      { "value": "HINDI", "label": "Hindi" }
   ],
   "last_updated_time": 1599423420730,
   "default_webinar": "",
   "states": [
      {
         "label": "Andaman & Nicobar",
         "value": "ANDAMAN_AND_NICOBAR"
      },
      {
         "label": "Andhra Pradesh",
         "value": "ANDHRA_PRADESH"
      },
      {
         "label": "Arunachal Pradesh",
         "value": "ARUNACHAL_PRADESH"
      },
      {
         "label": "Assam",
         "value": "ASSAM"
      },
      {
         "label": "Bihar",
         "value": "BIHAR"
      },
      {
         "label": "Chandigarh",
         "value": "CHANDIGARH"
      },
      {
         "label": "Chattisgarh",
         "value": "CHATTISGARH"
      },
      {
         "label": "Dadra & Nagar Haveli",
         "value": "DADRA_AND_NAGAR_HAVELI"
      },
      {
         "label": "Daman & Diu",
         "value": "DAMAN_AND_DIU"
      },
      {
         "label": "Delhi",
         "value": "DELHI"
      },
      {
         "label": "Goa",
         "value": "GOA"
      },
      {
         "label": "Gujarat",
         "value": "GUJARAT"
      },
      {
         "label": "Haryana",
         "value": "HARYANA"
      },
      {
         "label": "Himachal Pradesh",
         "value": "HIMACHAL_PRADESH"
      },
      {
         "label": "Jammu & Kashmir",
         "value": "JAMMU_AND_KASHMIR"
      },
      {
         "label": "Jharkhand",
         "value": "JHARKHAND"
      },
      {
         "label": "Karnataka",
         "value": "KARNATAKA"
      },
      {
         "label": "Kerala",
         "value": "KERALA"
      },
      {
         "label": "Ladakh",
         "value": "LADAKH"
      },
      {
         "label": "Lakshadweep",
         "value": "LAKSHADWEEP"
      },
      {
         "label": "Madhya Pradesh",
         "value": "MADHYA_PRADESH"
      },
      {
         "label": "Maharashtra",
         "value": "MAHARASHTRA"
      },
      {
         "label": "Manipur",
         "value": "MANIPUR"
      },
      {
         "label": "Meghalaya",
         "value": "MEGHALAYA"
      },
      {
         "label": "Mizoram",
         "value": "MIZORAM"
      },
      {
         "label": "Nagaland",
         "value": "NAGALAND"
      },
      {
         "label": "Odisha",
         "value": "ODISHA"
      },
      {
         "label": "Puducherry",
         "value": "PUDUCHERRY"
      },
      {
         "label": "Punjab",
         "value": "PUNJAB"
      },
      {
         "label": "Rajasthan",
         "value": "RAJASTHAN"
      },
      {
         "label": "Sikkim",
         "value": "SIKKIM"
      },
      {
         "label": "Tamil Nadu",
         "value": "TAMIL_NADU"
      },
      {
         "label": "Telangana",
         "value": "TELANGANA"
      },
      {
         "label": "Tripura",
         "value": "TRIPURA"
      },
      {
         "label": "Uttar Pradesh",
         "value": "UTTAR_PRADESH"
      },
      {
         "label": "Uttarakhand",
         "value": "UTTARAKHAND"
      },
      {
         "label": "West Bengal",
         "value": "WEST_BENGAL"
      },
      {
         "label": "Other than India",
         "value": "OTHER_THAN_INDIA"
      }
   ],
   "occupations": [
      { "label": "Student", "value": "STUDENT" },
      { "label": "Recent Graduate", "value": "RECENT_GRADUATE" },
      { "label": "Looking for a job", "value": "LOOKING_FOR_A_JOB" },
      { "label": "Freelancer", "value": "FREELANCER" },
      {
         "label": "Non-Graduated (Discontinued Education)",
         "value": "NON_GRADUATED_DISCONTINUED_EDUCATION"
      },
      { "label": "IT Professional", "value": "IT_PROFESSIONAL" },
      { "label": "Professor/Faculty", "value": "PROFESSOR_OR_FACULTY" },
      { "label": "Entrepenuer", "value": "ENTREPENUER" },
      {
         "label": "Civil Servants/Bureaucrates",
         "value": "CIVIL_SERVANTS_BUREAUCRATES"
      },
      { "label": "Government Employee", "value": "GOVERNMENT_EMPLOYEE" },
      { "label": "Business", "value": "BUSINESS" },
      { "label": "Doctor", "value": "DOCTOR" },
      { "label": "Lawyer", "value": "LAWYER" },
      { "label": "Other", "value": "OTHER" }
   ],
   "interested_in": [
      { "label": "XPM", "value": "XPM" },
      { "label": "CCBP", "value": "CCBP" },
      { "label": "OTG", "value": "OTG" },
      { "label": "Part-time", "value": "Part-time" },
      { "label": "Full-time jobs", "value": "Full-time jobs" }
   ],
   "departments": [
      {
         "label": "Computer Science Engineering",
         "value": "Computer Science Engineering"
      },
      { "label": "Information Technology", "value": "Information Technology" },
      {
         "label": "Electronics & Communication Engineering",
         "value": "Electronics & Communication Engineering"
      },

      { "label": "Mechanical Engineering", "value": "Mechanical Engineering" },
      { "label": "Electrical Engineering", "value": "Electrical Engineering" },

      {
         "label": "Electrical & Electronics Engineering",
         "value": "Electrical & Electronics Engineering"
      },
      {
         "label": "Instrumentation & Control",
         "value": "Instrumentation & Control"
      },

      { "label": "Civil Engineering", "value": "Civil Engineering" },

      { "label": "Other", "value": "Other" }
   ],
   "show_announcement": true,
   "fallback_cdn_urls": [
      "https://media-content.onthegomodel.com/",
      "https://n6s2s7q3.stackpathcdn.com/",
      "https://d1tgh8fmlzexmh.cloudfront.net/",
      "https://vedavidh-ib.s3-ap-southeast-1.amazonaws.com/",
      "https://nkb-backend-otg-media.b-cdn.net/"
   ],
   "c_meet_redirection_url": "webinar.ccbp.in/meet",
   "home_page_redirection_url": "https://webinar.pinscale.in/"
}
