[
   {
      "mcq_id": "khgdfkjsfd675858-jdbfj-jsdbf6-35yudgf",
      "question": {
         "content": "Do you thinkl it is possible",
         "content_type": "Text"
      },
      "options": [
         {
            "id": "3fa85f64-5717-4562-b3fc-2c963f66afa6",
            "content": "Yes",
            "content_type": "Text"
         },
         {
            "id": "5717-4562-b3fc-2c963f66afa6",
            "content": "No",
            "content_type": "Text"
         },
         {
            "id": "3fa85f64-5717--2c963f66afa6",
            "content": "May be",
            "content_type": "Text"
         },
         {
            "id": "3fa85f64-5717-4562",
            "content": "Don't know",
            "content_type": "Text"
         }
      ]
   }
]
